<?xml version="1.0" encoding="UTF-8"?>
<!--<!DOCTYPE html PUBLIC "-//W3C//DTD XHTML 1.0 Strict//EN" "http://www.w3.org/2002/xmlspec/dtd/2.10/xmlspec.dtd">  -->
<c3p0-config>
    <default-config>
        <property name="user">root</property>
        <property name="password">1234</property>
        <property name="driverClass">com.mysql.jdbc.Driver</property>
        <property name="jdbcUrl">jdbc:mysql://localhost:3306/saler1.0?useSSL=false</property>
        
        <property name="initialPoolSize">10</property>
        <property name="maxIdleTime">30</property>
        <property name="maxPoolSize">100</property>
        <property name="minPoolSize">10</property>
    </default-config>
</c3p0-config>